{
  "project_info": {
    "project_number": "1055927357226",
    "firebase_url": "https://grocerystore-1d2b6-default-rtdb.asia-southeast1.firebasedatabase.app",
    "project_id": "grocerystore-1d2b6",
    "storage_bucket": "grocerystore-1d2b6.appspot.com"
  },
  "client": [
    {
      "client_info": {
        "mobilesdk_app_id": "1:1055927357226:android:e2fcef6af3b1d274999853",
        "android_client_info": {
          "package_name": "com.example.grocerystore"
        }
      },
      "oauth_client": [
        {
          "client_id": "1055927357226-4088upe3iotlvj7a797dv3f5gj7leila.apps.googleusercontent.com",
          "client_type": 3
        }
      ],
      "api_key": [
        {
          "current_key": "AIzaSyBl1FZKF5O3C8PE3w7I_o_9uU0jG4Pjupo"
        }
      ],
      "services": {
        "appinvite_service": {
          "other_platform_oauth_client": [
            {
              "client_id": "1055927357226-4088upe3iotlvj7a797dv3f5gj7leila.apps.googleusercontent.com",
              "client_type": 3
            }
          ]
        }
      }
    }
  ],
  "configuration_version": "1"
}